deg,span_mm,effMass_g,strength_N_mu0.5,agility_mps2
-2.864788975654116143e+01,7.595957179384906510e+01,3.956723187251993181e+02,7.912327718168180368e+00,1.051078148896886262e+02
-2.559211484917677026e+01,7.918998806927612577e+01,3.898390189425625749e+02,7.749774609757964505e+00,1.088978354876370958e+02
-2.253633994181237910e+01,8.255513137146328972e+01,3.833707670855889660e+02,7.561755864231046509e+00,1.122751994306928793e+02
-1.948056503444798793e+01,8.603019941724696196e+01,3.763634775458850186e+02,7.347899786394146204e+00,1.196509531278676093e+02
-1.642479012708359676e+01,8.959310625513020909e+01,3.689220000901135563e+02,7.116758849672629950e+00,1.327891982830080906e+02
-1.336901521971920914e+01,9.322423888073458897e+01,3.611556501900910803e+02,6.866652352206866539e+00,1.452484853706544072e+02
-1.031324031235481797e+01,9.690618917102500518e+01,3.531740645574448649e+02,6.586538903009627965e+00,1.567560627449382480e+02
-7.257465404990426805e+00,1.006234876115350403e+02,3.450836228680506679e+02,6.274727806757637971e+00,1.670687528015066334e+02
-4.201690497626035636e+00,1.043623537433340829e+02,3.369845860924653493e+02,5.929288669698321357e+00,1.759756328080940762e+02
-1.145915590261644246e+00,1.081104705926338312e+02,3.289690125302240062e+02,5.548047849080458782e+00,1.832998540019630695e+02
1.909859317102743592e+00,1.118567855610943980e+02,3.211194362315479225e+02,5.128586568660933764e+00,1.888996472047143129e+02
4.965634224467135205e+00,1.155913374590938645e+02,3.135082356322884038e+02,4.668242650466907229e+00,1.926685765355889259e+02
8.021409131831525485e+00,1.193051078706488681e+02,3.061975847957730252e+02,4.164118548011438214e+00,1.945351126151226140e+02
1.107718403919591665e+01,1.229898943581347623e+02,2.992398638660882852e+02,3.613099391461445986e+00,1.944616036724765991e+02
1.413295894656030782e+01,1.266382028175722354e+02,2.926784052325417633e+02,3.011886172599644862e+00,1.935528843612788421e+02
1.718873385392469899e+01,1.302431563677574218e+02,2.865484627189002254e+02,2.989750708302275850e+00,1.929276034100960544e+02
2.024450876128909016e+01,1.337984183660426254e+02,2.808783082852496022e+02,2.957583190364626802e+00,1.903807930849648926e+02
2.330028366865348133e+01,1.372981274104448914e+02,2.756903805077374159e+02,2.889304141118171021e+00,1.860472367349687488e+02
2.635605857601787250e+01,1.407368424663033295e+02,2.710024287549939004e+02,2.778441422868821231e+00,1.799907471652318520e+02
2.941183348338226367e+01,1.441094965213940498e+02,2.668286147864963596e+02,2.617512809882676539e+00,1.722858255606883233e+02
3.246760839074664773e+01,1.474113574144811594e+02,2.631805485705395995e+02,2.397919217191786689e+00,1.630233109663556661e+02
3.552338329811104956e+01,1.506379946943925177e+02,2.600682471871978123e+02,2.109868152001574071e+00,1.523099397533551951e+02
3.857915820547543007e+01,1.537852515496452099e+02,2.575010148775770062e+02,1.987984182478948814e+00,1.402510626739124575e+02
4.163493311283983189e+01,1.568492210043416435e+02,2.554882489847269653e+02,1.847472768103805230e+00,1.269432855966563238e+02
4.469070802020421240e+01,1.598262257073722026e+02,2.540401811609572746e+02,1.659127747810255293e+00,1.125186054957680852e+02
